https://beta.kemono.party/patreon/user/37083528;VAMX
https://beta.kemono.party/patreon/user/50768560;AlpacaLaps
https://beta.kemono.party/patreon/user/23760949;AmineKunai
https://beta.kemono.party/patreon/user/21061280;AnythingFashionVR
https://beta.kemono.party/patreon/user/14321178;bamair1984
https://beta.kemono.party/patreon/user/38865763;boyavam
https://beta.kemono.party/patreon/user/44957872;callimohu
https://beta.kemono.party/patreon/user/47124133;Clara
https://beta.kemono.party/patreon/user/46353265;ClockwiseSilver
https://beta.kemono.party/patreon/user/8916660;ClubJulze
https://beta.kemono.party/patreon/user/62336839;d3ko
https://beta.kemono.party/patreon/user/70694850;darkeon09
https://beta.kemono.party/patreon/user/14035523;DaveVR
https://beta.kemono.party/patreon/user/23890121;esingex
https://beta.kemono.party/patreon/user/63311411;flyroxy
https://beta.kemono.party/patreon/user/59776618;Freeer
https://beta.kemono.party/patreon/user/44230586;Frostbane3D
https://beta.kemono.party/patreon/user/44543917;H4N5
https://beta.kemono.party/patreon/user/3201317;Hexenv88
https://beta.kemono.party/patreon/user/18703758;Jackaroo
https://beta.kemono.party/patreon/user/30682227;jakuubz
https://beta.kemono.party/patreon/user/68099672;jyy
https://beta.kemono.party/patreon/user/4711326;KAFAROS
https://beta.kemono.party/patreon/user/46993915;KittyMocap
https://beta.kemono.party/patreon/user/48270826;klphgz
https://beta.kemono.party/patreon/user/7405698;Korisaki
https://beta.kemono.party/patreon/user/37999759;LatinDreamer
https://beta.kemono.party/gumroad/user/1848350728424;MaF1
https://beta.kemono.party/fantia/user/124316;MaF2
https://beta.kemono.party/patreon/user/55511347;malimali
https://beta.kemono.party/patreon/user/60161611;MasterO
https://beta.kemono.party/patreon/user/67835625;mio
https://beta.kemono.party/patreon/user/45023929;noheadnoleg
https://beta.kemono.party/patreon/user/3519038;oeshii
https://beta.kemono.party/patreon/user/2388252;Orregon
https://beta.kemono.party/patreon/user/33893211;PluginIdea
https://beta.kemono.party/patreon/user/36853263;pogdaddy
https://beta.kemono.party/patreon/user/2586825;prestigitis
https://beta.kemono.party/patreon/user/29176161;Ramsess
https://beta.kemono.party/patreon/user/18292175;ReignMocap
https://beta.kemono.party/patreon/user/8960388;RenVR
https://beta.kemono.party/patreon/user/33547544;Romolas
https://beta.kemono.party/patreon/user/16835281;SCAMP
https://beta.kemono.party/patreon/user/47553785;Sharko_Z
https://beta.kemono.party/patreon/user/25051190;Sharr
https://beta.kemono.party/patreon/user/36730354;shiqin9
https://beta.kemono.party/patreon/user/4357558;sirap
https://beta.kemono.party/patreon/user/49051676;Sivel
https://beta.kemono.party/patreon/user/26173204;sortof
https://beta.kemono.party/patreon/user/42526664;starlu
https://beta.kemono.party/patreon/user/32114517;SuperVAM
https://beta.kemono.party/patreon/user/42573263;theagle
https://beta.kemono.party/patreon/user/27784263;TheOriginalBatatis
https://beta.kemono.party/patreon/user/47436125;TheScenes
https://beta.kemono.party/patreon/user/34673086;UJVAM
https://beta.kemono.party/patreon/user/59506964;VAMDoll
https://beta.kemono.party/patreon/user/45940896;vamtails
https://beta.kemono.party/patreon/user/31289071;vecterror
https://beta.kemono.party/patreon/user/40120785;VirtAmateur
https://beta.kemono.party/patreon/user/3465374;virtualharem34
https://beta.kemono.party/patreon/user/35845604;VRDollz
https://beta.kemono.party/patreon/user/31905970;vs1
https://beta.kemono.party/patreon/user/35351514;Watto
https://beta.kemono.party/patreon/user/61206201;wunderwise
https://beta.kemono.party/patreon/user/30507924;XanTheBug
https://beta.kemono.party/patreon/user/28572640;xinxiu
https://beta.kemono.party/patreon/user/51175855;XNPVV
https://beta.kemono.party/patreon/user/58076798;Xspada
https://beta.kemono.party/patreon/user/3083262;xxxa
https://beta.kemono.party/patreon/user/29268099;zhfx
https://beta.kemono.party/patreon/user/7280500;Zombie_Siris
https://beta.kemono.party/fanbox/user/73951407;OtherVAM
https://beta.kemono.party/gumroad/user/5900840834137;OtherVAM
https://beta.kemono.party/gumroad/user/9950195495657;OtherVAM
https://beta.kemono.party/patreon/user/10904306;OtherVAM
https://beta.kemono.party/patreon/user/11676010;OtherVAM
https://beta.kemono.party/patreon/user/14721595;OtherVAM
https://beta.kemono.party/patreon/user/18361673;OtherVAM
https://beta.kemono.party/patreon/user/25935572;OtherVAM
https://beta.kemono.party/patreon/user/28210000;OtherVAM
https://beta.kemono.party/patreon/user/29204296;OtherVAM
https://beta.kemono.party/patreon/user/31211919;OtherVAM
https://beta.kemono.party/patreon/user/31404185;OtherVAM
https://beta.kemono.party/patreon/user/35653929;OtherVAM
https://beta.kemono.party/patreon/user/36202948;OtherVAM
https://beta.kemono.party/patreon/user/39521764;OtherVAM
https://beta.kemono.party/patreon/user/44563743;OtherVAM
https://beta.kemono.party/patreon/user/44578218;OtherVAM
https://beta.kemono.party/patreon/user/4749409;OtherVAM
https://beta.kemono.party/patreon/user/49610497;OtherVAM
https://beta.kemono.party/patreon/user/50354292;OtherVAM
https://beta.kemono.party/patreon/user/58933632;OtherVAM
https://beta.kemono.party/patreon/user/6487978;OtherVAM
https://beta.kemono.party/patreon/user/66418079;OtherVAM
https://beta.kemono.party/patreon/user/7969263;OtherVAM